ticket_id,ticket_text,category,category_confidence,priority,priority_confidence,emotion,emotion_confidence,is_repeat,similarity_score,risk_score,risk_level,recommended_action,resolution_status,resolution_message,created_at
HIST-8D2C43,The mobile app on Android crashes with an unhandled exception every time I try to open the checkout cart page. It freezes and closes abruptly.,Delivery,0.5483,Medium,0.5532,Neutral,0.7981,False,0.0379,15,Low,"Inspect carrier tracking timeline with logistics partner, verify delivery coordinates, and authorize express dispatch or replacement package if parcel lost.",Open,,2026-09-22 22:10:24
HIST-34BBF7,i had payment issue that i need my fund,Payment,0.3495,High,0.4518,Neutral,0.3558,False,0.1603,42,Medium,"Verify banking transaction status in payment gateway, confirm merchant settlement, and initiate appropriate ledger reconciliation or immediate charge reversal.",Open,,2026-09-22 19:00:47
HIST-8D7110,I was charged twice on my credit card for transaction #48291. My money was deducted twice but only one order shows in my account. Please refund the extra charge immediately!,Payment,0.8452,High,0.3378,Neutral,0.3153,True,1.0,62,High,"Verify banking transaction status in payment gateway, confirm merchant settlement, and initiate appropriate ledger reconciliation or immediate charge reversal. URGENT: Prioritize within 30-minute SLA window. REPEAT COMPLAINT: Escalate to Tier-2 supervisor for warm transfer and past-ticket history review.",Open,,2026-09-22 18:55:55
HIST-251506,My package has not arrived even though the tracking status said delivered three days ago! Nobody came to my door and I urgently need this parcel before tomorrow.,Delivery,0.8446,Medium,0.3592,Neutral,0.2488,True,1.0,36,Medium,"Inspect carrier tracking timeline with logistics partner, verify delivery coordinates, and authorize express dispatch or replacement package if parcel lost. REPEAT COMPLAINT: Escalate to Tier-2 supervisor for warm transfer and past-ticket history review.",Open,,2026-09-22 18:55:40
HIST-84347B,My package has not arrived even though the tracking status said delivered three days ago! Nobody came to my door and I urgently need this parcel before tomorrow.,Delivery,0.8446,Medium,0.3592,Neutral,0.2488,True,1.0,36,Medium,"Inspect carrier tracking timeline with logistics partner, verify delivery coordinates, and authorize express dispatch or replacement package if parcel lost. REPEAT COMPLAINT: Escalate to Tier-2 supervisor for warm transfer and past-ticket history review.",Open,,2026-09-22 18:55:38
HIST-8748A5,My package has not arrived even though the tracking status said delivered three days ago! Nobody came to my door and I urgently need this parcel before tomorrow.,Delivery,0.8446,Medium,0.3592,Neutral,0.2488,False,0.0757,21,Low,"Inspect carrier tracking timeline with logistics partner, verify delivery coordinates, and authorize express dispatch or replacement package if parcel lost.",Open,,2026-09-22 18:55:30
HIST-E68765,I was charged twice on my credit card for transaction #48291. My money was deducted twice but only one order shows in my account. Please refund the extra charge immediately!,Payment,0.8452,High,0.3378,Neutral,0.3153,False,0.1048,47,Medium,"Verify banking transaction status in payment gateway, confirm merchant settlement, and initiate appropriate ledger reconciliation or immediate charge reversal.",Open,,2026-09-22 18:49:03
HIST-672091," i  need my refund amount
",Refund,0.7537,High,0.4346,Frustrated,0.2824,False,0.1703,52,Medium,"Review refund eligibility under terms of service, verify bank transaction reference, and authorize disbursement approval through financial operations. CUSTOMER EMPATHY: Deploy de-escalation tone and consider courtesy credit or apology voucher.",Open,,2026-09-22 18:19:46
